{
	"format_version": "1.21.6",
	"credit": "cyberia was here",
	"textures": {
		"0": "item/amethyst_cluster_3d",
		"particle": "item/amethyst_cluster_3d"
	},
	"elements": [
		{
			"from": [5.5, 0, 5.73097],
			"to": [10.5, 10, 10.73097],
			"light_emission": 15,
			"rotation": {"angle": 0, "axis": "y", "origin": [5.5, 0, 10.73097]},
			"faces": {
				"north": {"uv": [0, 0, 2.5, 5], "texture": "#0"},
				"east": {"uv": [2.5, 0, 5, 5], "texture": "#0"},
				"south": {"uv": [0, 5, 2.5, 10], "texture": "#0"},
				"west": {"uv": [5, 0, 7.5, 5], "texture": "#0"},
				"up": {"uv": [11, 6.5, 8.5, 4], "texture": "#0"},
				"down": {"uv": [11, 6.5, 8.5, 9], "texture": "#0"}
			}
		},
		{
			"from": [6, 0, 4.23097],
			"to": [10, 8, 8.23097],
			"light_emission": 15,
			"rotation": {"angle": -22.5, "axis": "x", "origin": [7, 0, 6.73097]},
			"faces": {
				"north": {"uv": [2.5, 5, 4.5, 9], "texture": "#0"},
				"east": {"uv": [4.5, 5, 6.5, 9], "texture": "#0"},
				"south": {"uv": [6.5, 5, 8.5, 9], "texture": "#0"},
				"west": {"uv": [7.5, 0, 9.5, 4], "texture": "#0"},
				"up": {"uv": [10.5, 11, 8.5, 9], "texture": "#0"},
				"down": {"uv": [11.5, 0, 9.5, 2], "texture": "#0"}
			}
		},
		{
			"from": [6.5, 0, 8.23097],
			"to": [9.5, 8, 11.23097],
			"light_emission": 15,
			"rotation": {"angle": 22.5, "axis": "x", "origin": [8, 0, 9.73097]},
			"faces": {
				"north": {"uv": [2.5, 9, 4, 13], "texture": "#0"},
				"east": {"uv": [4, 9, 5.5, 13], "texture": "#0"},
				"south": {"uv": [5.5, 9, 7, 13], "texture": "#0"},
				"west": {"uv": [7, 9, 8.5, 13], "texture": "#0"},
				"up": {"uv": [11, 3.5, 9.5, 2], "texture": "#0"},
				"down": {"uv": [13, 0, 11.5, 1.5], "texture": "#0"}
			}
		},
		{
			"from": [9, 0, 6.73097],
			"to": [12, 5, 9.73097],
			"light_emission": 15,
			"rotation": {"angle": -22.5, "axis": "z", "origin": [10.5, 0, 8.23097]},
			"faces": {
				"north": {"uv": [0, 10, 1.5, 12.5], "texture": "#0"},
				"east": {"uv": [10.5, 9, 12, 11.5], "texture": "#0"},
				"south": {"uv": [11, 2, 12.5, 4.5], "texture": "#0"},
				"west": {"uv": [11, 4.5, 12.5, 7], "texture": "#0"},
				"up": {"uv": [13.5, 11, 12, 9.5], "texture": "#0"},
				"down": {"uv": [1.5, 12.5, 0, 14], "texture": "#0"}
			}
		},
		{
			"from": [4, 0, 6.73097],
			"to": [7, 5, 9.73097],
			"light_emission": 15,
			"rotation": {"angle": 22.5, "axis": "z", "origin": [5.5, 0, 8.23097]},
			"faces": {
				"north": {"uv": [8.5, 11, 10, 13.5], "texture": "#0"},
				"east": {"uv": [10, 11.5, 11.5, 14], "texture": "#0"},
				"south": {"uv": [11.5, 11.5, 13, 14], "texture": "#0"},
				"west": {"uv": [12, 7, 13.5, 9.5], "texture": "#0"},
				"up": {"uv": [14, 3, 12.5, 1.5], "texture": "#0"},
				"down": {"uv": [14, 3, 12.5, 4.5], "texture": "#0"}
			}
		}
	],
	"display": {
		"thirdperson_righthand": {
			"rotation": [45, 0, 0],
			"translation": [0, 2.25, 1.75],
			"scale": [0.5, 0.5, 0.5]
		},
		"thirdperson_lefthand": {
			"rotation": [45, 0, 0],
			"translation": [0, 2.25, 1.75],
			"scale": [0.5, 0.5, 0.5]
		},
		"firstperson_righthand": {
			"rotation": [177.88, 136, -179.47],
			"translation": [1.25, 5.25, -1.25],
			"scale": [0.70313, 0.70313, 0.70313]
		},
		"firstperson_lefthand": {
			"rotation": [177.88, -58, -179.47],
			"translation": [1.25, 5.25, -1.25],
			"scale": [0.70313, 0.70313, 0.70313]
		},
		"ground": {
			"translation": [0, 3, 0],
			"scale": [0.5, 0.5, 0.5]
		},
		"gui": {
			"rotation": [30, 45, 0],
			"translation": [0, 3, 0]
		},
		"head": {
			"translation": [0, 14.4, 0]
		},
		"fixed": {
			"translation": [0, 3.75, 1.5],
			"scale": [1.25, 1.25, 1.25]
		}
	},
	"groups": [
		{
			"name": "amethyst_cluster",
			"origin": [5.5, 0, 7.76903],
			"color": 0,
			"children": [0, 1, 2, 3, 4]
		}
	]
}