{
	"format_version": "1.21.6",
	"credit": "cyberia was here",
	"textures": {
		"0": "item/gold_nugget_3d",
		"2": "item/ingot_outline_glows_3d",
		"particle": "item/gold_nugget_3d"
	},
	"elements": [
		{
			"from": [6.5, 1, 6.5],
			"to": [9.5, 4, 9.5],
			"light_emission": 7,
			"rotation": {"angle": 0, "axis": "y", "origin": [6.5, 1, 6.5]},
			"faces": {
				"north": {"uv": [0, 0, 3, 3], "texture": "#0"},
				"east": {"uv": [0, 3, 3, 6], "texture": "#0"},
				"south": {"uv": [3, 0, 6, 3], "texture": "#0"},
				"west": {"uv": [3, 3, 6, 6], "texture": "#0"},
				"up": {"uv": [3, 9, 0, 6], "texture": "#0"},
				"down": {"uv": [9, 0, 6, 3], "texture": "#0"}
			}
		},
		{
			"from": [7, 0, 7],
			"to": [9, 1, 9],
			"light_emission": 7,
			"rotation": {"angle": 0, "axis": "y", "origin": [7.5, -1, 7.5]},
			"faces": {
				"north": {"uv": [6, 3, 8, 4], "texture": "#0"},
				"east": {"uv": [6, 4, 8, 5], "texture": "#0"},
				"south": {"uv": [5, 6, 7, 7], "texture": "#0"},
				"west": {"uv": [6, 5, 8, 6], "texture": "#0"},
				"down": {"uv": [5, 6, 3, 8], "texture": "#0"}
			}
		},
		{
			"from": [9.75, 4.25, 9.75],
			"to": [6.25, 0.75, 6.25],
			"rotation": {"angle": 0, "axis": "y", "origin": [9.5, 4, 9.5]},
			"faces": {
				"north": {"uv": [0, 0, 1, 1], "texture": "#2"},
				"east": {"uv": [0, 0, 1, 1], "texture": "#2"},
				"south": {"uv": [0, 0, 1, 1], "texture": "#2"},
				"west": {"uv": [0, 0, 1, 1], "texture": "#2"},
				"up": {"uv": [0, 0, 1, 1], "texture": "#2"},
				"down": {"uv": [0, 0, 1, 1], "texture": "#2"}
			}
		},
		{
			"from": [9.25, 0.75, 9.25],
			"to": [6.75, -0.25, 6.75],
			"rotation": {"angle": 0, "axis": "y", "origin": [9.5, 0, 9.5]},
			"faces": {
				"north": {"uv": [0, 0, 1, 1], "texture": "#2"},
				"east": {"uv": [0, 0, 1, 1], "texture": "#2"},
				"south": {"uv": [0, 0, 1, 1], "texture": "#2"},
				"west": {"uv": [0, 0, 1, 1], "texture": "#2"},
				"up": {"uv": [0, 0, 1, 1], "texture": "#2"}
			}
		}
	],
	"display": {
		"thirdperson_righthand": {
			"rotation": [52, 0, 0],
			"translation": [0, 2, 1.75],
			"scale": [0.5, 0.5, 0.5]
		},
		"thirdperson_lefthand": {
			"rotation": [52, 0, 0],
			"translation": [0, 2, 1.75],
			"scale": [0.5, 0.5, 0.5]
		},
		"firstperson_righthand": {
			"rotation": [0, 90, 0],
			"translation": [-1.5, 6.5, 2.5],
			"scale": [0.5, 0.5, 0.5]
		},
		"firstperson_lefthand": {
			"rotation": [0, 180, 0],
			"translation": [-1.5, 6.5, 2.5],
			"scale": [0.5, 0.5, 0.5]
		},
		"ground": {
			"translation": [0, 3, 0],
			"scale": [0.375, 0.375, 0.375]
		},
		"gui": {
			"rotation": [22.5, -45, 0],
			"translation": [0, 6.5, 0],
			"scale": [1.25, 1.25, 1.25]
		},
		"head": {
			"translation": [0, 14.75, 0]
		},
		"fixed": {
			"rotation": [0, 90, 0],
			"translation": [0, 6.25, 0.75],
			"scale": [1.25, 1.25, 1.25]
		}
	},
	"groups": [
		{
			"name": "goold nugget",
			"origin": [7.5, -1, 7.5],
			"color": 0,
			"children": [
				{
					"name": "nugget",
					"origin": [7.5, -1, 7.5],
					"color": 0,
					"children": [0, 1]
				},
				{
					"name": "outline",
					"origin": [9.5, 4, 9.5],
					"color": 0,
					"children": [2, 3]
				}
			]
		}
	]
}