{
	"format_version": "1.9.0",
	"credit": "Made with Blockbench",
	"texture_size": [32, 32],
	"textures": {
		"0": "item/netherite_scrap_3d",
		"particle": "item/netherite_scrap_3d"
	},
	"elements": [
		{
			"from": [5.26501, 0, 5.35429],
			"to": [11.26501, 1, 10.35429],
			"rotation": {"angle": 0, "axis": "y", "origin": [5.26501, 0, 5.35429]},
			"faces": {
				"north": {"uv": [0, 5.5, 3, 6], "texture": "#0"},
				"east": {"uv": [6, 0.5, 8.5, 1], "texture": "#0"},
				"south": {"uv": [3, 5.5, 6, 6], "texture": "#0"},
				"west": {"uv": [6, 1, 8.5, 1.5], "texture": "#0"},
				"up": {"uv": [6, 2.5, 3, 0], "texture": "#0"},
				"down": {"uv": [6, 2.5, 3, 5], "texture": "#0"}
			}
		},
		{
			"from": [4.26501, 1, 6.35429],
			"to": [10.26501, 2, 11.35429],
			"rotation": {"angle": 22.5, "axis": "y", "origin": [4.26501, 1, 6.35429]},
			"faces": {
				"north": {"uv": [0, 5, 3, 5.5], "texture": "#0"},
				"east": {"uv": [0, 6, 2.5, 6.5], "texture": "#0"},
				"south": {"uv": [3, 5, 6, 5.5], "texture": "#0"},
				"west": {"uv": [6, 0, 8.5, 0.5], "texture": "#0"},
				"up": {"uv": [3, 2.5, 0, 0], "texture": "#0"},
				"down": {"uv": [3, 2.5, 0, 5], "texture": "#0"}
			}
		}
	],
	"display": {
		"thirdperson_righthand": {
			"rotation": [110, 0, -90],
			"translation": [3.5, -0.25, -0.25],
			"scale": [0.5, 0.5, 0.5]
		},
		"thirdperson_lefthand": {
			"rotation": [110, 0, -90],
			"translation": [3.5, -0.25, -0.25],
			"scale": [0.5, 0.5, 0.5]
		},
		"firstperson_righthand": {
			"rotation": [0, 130, 0],
			"translation": [-1.75, 7, 3.25],
			"scale": [0.5, 0.5, 0.5]
		},
		"firstperson_lefthand": {
			"rotation": [0, 130, 0],
			"translation": [-1.75, 7, 3.25],
			"scale": [0.5, 0.5, 0.5]
		},
		"ground": {
			"translation": [0, 3, 0],
			"scale": [0.5, 0.5, 0.5]
		},
		"gui": {
			"rotation": [30, -45, 0],
			"translation": [0, 6.75, 0],
			"scale": [1.25, 1.25, 1.25]
		},
		"head": {
			"translation": [0, 14.4, 0]
		},
		"fixed": {
			"rotation": [90, 0, 0],
			"translation": [0, 0, 9.25],
			"scale": [1.25, 1.25, 1.25]
		}
	}
}