{
	"format_version": "1.21.6",
	"credit": "Made with Blockbench",
	"texture_size": [32, 32],
	"textures": {
		"0": "item/quartz_3d",
		"particle": "item/quartz_3d"
	},
	"elements": [
		{
			"from": [6, 0, 6],
			"to": [10, 7, 10],
			"rotation": {"angle": 0, "axis": "z", "origin": [7, 0, 6]},
			"faces": {
				"north": {"uv": [0, 0, 2, 3.5], "texture": "#0"},
				"east": {"uv": [2, 0, 4, 3.5], "texture": "#0"},
				"south": {"uv": [0, 3.5, 2, 7], "texture": "#0"},
				"west": {"uv": [2, 3.5, 4, 7], "texture": "#0"},
				"up": {"uv": [6, 2, 4, 0], "texture": "#0"},
				"down": {"uv": [6, 2, 4, 4], "texture": "#0"}
			}
		},
		{
			"from": [5, -0.5, 6.01],
			"to": [8, 4.5, 9.01],
			"rotation": {"angle": 22.5, "axis": "z", "origin": [5, 0.5, 6]},
			"faces": {
				"north": {"uv": [4, 4, 5.5, 6.5], "texture": "#0"},
				"east": {"uv": [5.5, 4, 7, 6.5], "texture": "#0"},
				"south": {"uv": [6, 0, 7.5, 2.5], "texture": "#0"},
				"west": {"uv": [4, 6.5, 5.5, 9], "texture": "#0"},
				"up": {"uv": [10, 5.5, 8.5, 4], "texture": "#0"},
				"down": {"uv": [7, 8.5, 5.5, 10], "texture": "#0"}
			}
		},
		{
			"from": [8.25, 1.25, 6.999],
			"to": [11.25, 5.25, 9.999],
			"rotation": {"angle": -22.5, "axis": "z", "origin": [7.25, 1.25, 6]},
			"faces": {
				"north": {"uv": [5.5, 6.5, 7, 8.5], "texture": "#0"},
				"east": {"uv": [0, 7, 1.5, 9], "texture": "#0"},
				"south": {"uv": [1.5, 7, 3, 9], "texture": "#0"},
				"west": {"uv": [7, 2.5, 8.5, 4.5], "texture": "#0"},
				"up": {"uv": [10, 7, 8.5, 5.5], "texture": "#0"},
				"down": {"uv": [8.5, 8.5, 7, 10], "texture": "#0"}
			}
		},
		{
			"from": [6.25, 0.5, 5.5],
			"to": [9.25, 3.5, 7.5],
			"rotation": {"angle": -22.5, "axis": "x", "origin": [6.25, -0.5, 7.5]},
			"faces": {
				"north": {"uv": [8.5, 7, 10, 8.5], "texture": "#0"},
				"east": {"uv": [6, 2.5, 7, 4], "texture": "#0"},
				"south": {"uv": [8.5, 8.5, 10, 10], "texture": "#0"},
				"west": {"uv": [3, 7, 4, 8.5], "texture": "#0"},
				"up": {"uv": [11.5, 2.5, 10, 1.5], "texture": "#0"},
				"down": {"uv": [11.5, 2.5, 10, 3.5], "texture": "#0"}
			}
		},
		{
			"from": [8, 5, 7.995],
			"to": [11, 8, 9.995],
			"rotation": {"angle": -22.5, "axis": "z", "origin": [8, 5, 10]},
			"faces": {
				"north": {"uv": [0, 9, 1.5, 10.5], "texture": "#0"},
				"east": {"uv": [4.5, 9, 5.5, 10.5], "texture": "#0"},
				"south": {"uv": [9, 0, 10.5, 1.5], "texture": "#0"},
				"west": {"uv": [10, 3.5, 11, 5], "texture": "#0"},
				"up": {"uv": [11.5, 6, 10, 5], "texture": "#0"},
				"down": {"uv": [7, 10, 5.5, 11], "texture": "#0"}
			}
		},
		{
			"from": [6.5, 0.25, 7.5],
			"to": [9.5, 4.25, 10.5],
			"rotation": {"angle": 22.5, "axis": "x", "origin": [6.5, 0.25, 8.5]},
			"faces": {
				"north": {"uv": [7, 4.5, 8.5, 6.5], "texture": "#0"},
				"east": {"uv": [7, 6.5, 8.5, 8.5], "texture": "#0"},
				"south": {"uv": [7.5, 0, 9, 2], "texture": "#0"},
				"west": {"uv": [8.5, 2, 10, 4], "texture": "#0"},
				"up": {"uv": [3, 10.5, 1.5, 9], "texture": "#0"},
				"down": {"uv": [4.5, 9, 3, 10.5], "texture": "#0"}
			}
		}
	],
	"display": {
		"thirdperson_righthand": {
			"rotation": [45, 0, 0],
			"translation": [0, 2.25, 1.75],
			"scale": [0.5, 0.5, 0.5]
		},
		"thirdperson_lefthand": {
			"rotation": [45, 0, 0],
			"translation": [0, 2.25, 1.75],
			"scale": [0.5, 0.5, 0.5]
		},
		"firstperson_righthand": {
			"rotation": [177.88, 34, -179.47],
			"translation": [2, 5.5, -1.25],
			"scale": [0.70313, 0.70313, 0.70313]
		},
		"firstperson_lefthand": {
			"rotation": [177.88, 34, -179.47],
			"translation": [2, 5.5, -1.25],
			"scale": [0.70313, 0.70313, 0.70313]
		},
		"ground": {
			"translation": [0, 3, 0],
			"scale": [0.5, 0.5, 0.5]
		},
		"gui": {
			"rotation": [30, 45, 0],
			"translation": [0, 4.5, 0],
			"scale": [1.25, 1.25, 1.25]
		},
		"head": {
			"translation": [0, 14.4, 0]
		},
		"fixed": {
			"translation": [0, 8, 0],
			"scale": [1.75, 1.75, 1.75]
		}
	},
	"groups": [
		{
			"name": "group",
			"origin": [4, 0, 4],
			"color": 0,
			"children": [0, 1, 2, 3, 4, 5]
		}
	]
}