{
	"format_version": "1.21.6",
	"credit": "cyberia was here",
	"texture_size": [32, 32],
	"textures": {
		"1": "item/raw_gold_3d",
		"particle": "item/raw_gold_3d"
	},
	"elements": [
		{
			"from": [8.28011, 0.42225, 3],
			"to": [12.28011, 4.42225, 7],
			"rotation": {"angle": -22.5, "axis": "z", "origin": [7.69579, 2.73483, 7]},
			"faces": {
				"north": {"uv": [3, 6.5, 5, 8.5], "texture": "#1"},
				"east": {"uv": [5, 6.5, 7, 8.5], "texture": "#1"},
				"south": {"uv": [7, 6.5, 9, 8.5], "texture": "#1"},
				"west": {"uv": [8, 2.5, 10, 4.5], "texture": "#1"},
				"up": {"uv": [10, 6.5, 8, 4.5], "texture": "#1"},
				"down": {"uv": [5, 8.5, 3, 10.5], "texture": "#1"}
			}
		},
		{
			"from": [5.01256, 0, 4],
			"to": [11.01256, 5, 12],
			"rotation": {"angle": 0, "axis": "y", "origin": [7.69579, 2.73483, 7]},
			"faces": {
				"north": {"uv": [6, 0, 9, 2.5], "texture": "#1"},
				"east": {"uv": [0, 4, 4, 6.5], "texture": "#1"},
				"south": {"uv": [0, 6.5, 3, 9], "texture": "#1"},
				"west": {"uv": [4, 4, 8, 6.5], "texture": "#1"},
				"up": {"uv": [3, 4, 0, 0], "texture": "#1"},
				"down": {"uv": [6, 0, 3, 4], "texture": "#1"}
			}
		},
		{
			"from": [3.61147, 1.54741, 7],
			"to": [6.61147, 4.54741, 11],
			"rotation": {"angle": -22.5, "axis": "z", "origin": [7.69579, 2.73483, 7]},
			"faces": {
				"north": {"uv": [8, 8.5, 9.5, 10], "texture": "#1"},
				"south": {"uv": [0, 9, 1.5, 10.5], "texture": "#1"},
				"west": {"uv": [6, 2.5, 8, 4], "texture": "#1"},
				"up": {"uv": [6.5, 10.5, 5, 8.5], "texture": "#1"},
				"down": {"uv": [8, 8.5, 6.5, 10.5], "texture": "#1"}
			}
		}
	],
	"display": {
		"thirdperson_righthand": {
			"rotation": [122, 0, 0],
			"translation": [0, -1.5, 2],
			"scale": [0.5, 0.5, 0.5]
		},
		"thirdperson_lefthand": {
			"rotation": [122, 0, 0],
			"translation": [0, -1.5, 2],
			"scale": [0.5, 0.5, 0.5]
		},
		"firstperson_righthand": {
			"rotation": [0, -108, 0],
			"translation": [-2.5, 6.75, 4],
			"scale": [0.4, 0.4, 0.4]
		},
		"firstperson_lefthand": {
			"rotation": [0, 72, 0],
			"translation": [-2.5, 6.75, 4],
			"scale": [0.4, 0.4, 0.4]
		},
		"ground": {
			"translation": [0, 3, 0],
			"scale": [0.5, 0.5, 0.5]
		},
		"gui": {
			"rotation": [30, -45, 0],
			"translation": [-0.5, 4.75, 0],
			"scale": [1.1, 1.1, 1.1]
		},
		"head": {
			"translation": [0, 14.4, 0]
		},
		"fixed": {
			"rotation": [0, 90, 0],
			"translation": [0, 6.75, 1],
			"scale": [1.25, 1.25, 1.25]
		}
	},
	"groups": [
		{
			"name": "group",
			"origin": [7.69579, 2.73483, 7],
			"color": 0,
			"children": [0, 1, 2]
		}
	]
}