{
	"format_version": "1.21.6",
	"credit": "cyberia was here",
	"texture_size": [32, 32],
	"textures": {
		"2": "item/raw_copper_3d",
		"particle": "item/raw_copper_3d"
	},
	"elements": [
		{
			"from": [5.26256, 0, 3.5],
			"to": [9.26256, 4, 11.5],
			"rotation": {"angle": 0, "axis": "y", "origin": [5.26256, 0, 3.5]},
			"faces": {
				"north": {"uv": [2, 4, 4, 6], "texture": "#2"},
				"east": {"uv": [0, 0, 4, 2], "texture": "#2"},
				"south": {"uv": [4, 4, 6, 6], "texture": "#2"},
				"west": {"uv": [0, 2, 4, 4], "texture": "#2"},
				"up": {"uv": [2, 8, 0, 4], "texture": "#2"},
				"down": {"uv": [6, 0, 4, 4], "texture": "#2"}
			}
		},
		{
			"from": [9.67677, -1.24264, 6.5],
			"to": [12.67677, 2.75736, 10.5],
			"rotation": {"angle": 45, "axis": "z", "origin": [7.67677, -1.24264, 2.5]},
			"faces": {
				"north": {"uv": [2, 6, 3.5, 8], "texture": "#2"},
				"east": {"uv": [6, 0, 8, 2], "texture": "#2"},
				"south": {"uv": [6, 2, 7.5, 4], "texture": "#2"},
				"up": {"uv": [5, 8, 3.5, 6], "texture": "#2"},
				"down": {"uv": [7.5, 4, 6, 6], "texture": "#2"}
			}
		},
		{
			"from": [5, -1, 3],
			"to": [8, 2, 6],
			"rotation": {"angle": 22.5, "axis": "z", "origin": [5, -1, 5]},
			"faces": {
				"north": {"uv": [5, 6, 6.5, 7.5], "texture": "#2"},
				"east": {"uv": [6.5, 6, 8, 7.5], "texture": "#2"},
				"south": {"uv": [7.5, 2, 9, 3.5], "texture": "#2"},
				"west": {"uv": [7.5, 3.5, 9, 5], "texture": "#2"},
				"up": {"uv": [6.5, 9, 5, 7.5], "texture": "#2"},
				"down": {"uv": [8, 7.5, 6.5, 9], "texture": "#2"}
			}
		}
	],
	"display": {
		"thirdperson_righthand": {
			"rotation": [122, 0, 0],
			"translation": [0, -1.5, 2],
			"scale": [0.5, 0.5, 0.5]
		},
		"thirdperson_lefthand": {
			"rotation": [122, 0, 0],
			"translation": [0, -1.5, 2],
			"scale": [0.5, 0.5, 0.5]
		},
		"firstperson_righthand": {
			"rotation": [0, 72, 0],
			"translation": [-2.5, 6.75, 4],
			"scale": [0.4, 0.4, 0.4]
		},
		"firstperson_lefthand": {
			"rotation": [0, -108, 0],
			"translation": [-2.5, 6.75, 4],
			"scale": [0.4, 0.4, 0.4]
		},
		"ground": {
			"translation": [0, 3, 0],
			"scale": [0.5, 0.5, 0.5]
		},
		"gui": {
			"rotation": [30, 135, 0],
			"translation": [0, 7, 0],
			"scale": [1.25, 1.25, 1.25]
		},
		"head": {
			"translation": [0, 14.4, 0]
		},
		"fixed": {
			"rotation": [-90, -90, 0],
			"translation": [-1, 0.25, -8.25],
			"scale": [1.5, 1.5, 1.5]
		}
	}
}