{
	"format_version": "1.21.6",
	"credit": "cyberia was here",
	"texture_size": [32, 32],
	"textures": {
		"0": "item/raw_iron_3d",
		"particle": "item/raw_iron_3d"
	},
	"elements": [
		{
			"from": [7.69238, 1, 3.51589],
			"to": [10.69238, 4, 7.51589],
			"rotation": {"angle": -22.5, "axis": "z", "origin": [12.19238, 1, 4.01589]},
			"faces": {
				"north": {"uv": [7, 2, 8.5, 3.5], "texture": "#0"},
				"east": {"uv": [5, 2, 7, 3.5], "texture": "#0"},
				"south": {"uv": [2.5, 7, 4, 8.5], "texture": "#0"},
				"west": {"uv": [2.5, 5.5, 4.5, 7], "texture": "#0"},
				"up": {"uv": [6, 7.5, 4.5, 5.5], "texture": "#0"},
				"down": {"uv": [7.5, 5.5, 6, 7.5], "texture": "#0"}
			}
		},
		{
			"from": [5.19238, 0, 4.01589],
			"to": [10.19238, 4, 11.01589],
			"rotation": {"angle": 0, "axis": "y", "origin": [10.19238, 0, 4.01589]},
			"faces": {
				"north": {"uv": [5, 0, 7.5, 2], "texture": "#0"},
				"east": {"uv": [0, 3.5, 3.5, 5.5], "texture": "#0"},
				"south": {"uv": [0, 5.5, 2.5, 7.5], "texture": "#0"},
				"west": {"uv": [3.5, 3.5, 7, 5.5], "texture": "#0"},
				"up": {"uv": [2.5, 3.5, 0, 0], "texture": "#0"},
				"down": {"uv": [5, 0, 2.5, 3.5], "texture": "#0"}
			}
		},
		{
			"from": [5.69238, -0.5, 10.01589],
			"to": [8.69238, 2.5, 13.01589],
			"rotation": {"angle": -22.5, "axis": "y", "origin": [9.19238, -1, 8.01589]},
			"faces": {
				"north": {"uv": [7, 3.5, 8.5, 5], "texture": "#0"},
				"east": {"uv": [0, 7.5, 1.5, 9], "texture": "#0"},
				"south": {"uv": [7.5, 0, 9, 1.5], "texture": "#0"},
				"west": {"uv": [4, 7.5, 5.5, 9], "texture": "#0"},
				"up": {"uv": [9, 6.5, 7.5, 5], "texture": "#0"},
				"down": {"uv": [7, 7.5, 5.5, 9], "texture": "#0"}
			}
		}
	],
	"display": {
		"thirdperson_righthand": {
			"rotation": [122, 0, 0],
			"translation": [0, -1.5, 2],
			"scale": [0.5, 0.5, 0.5]
		},
		"thirdperson_lefthand": {
			"rotation": [122, 0, 0],
			"translation": [0, -1.5, 2],
			"scale": [0.5, 0.5, 0.5]
		},
		"firstperson_righthand": {
			"rotation": [0, 72, 0],
			"translation": [-2.5, 6.75, 4],
			"scale": [0.4, 0.4, 0.4]
		},
		"firstperson_lefthand": {
			"rotation": [0, -128, 0],
			"translation": [-2.5, 6.75, 4],
			"scale": [0.4, 0.4, 0.4]
		},
		"ground": {
			"translation": [0, 3, 0],
			"scale": [0.5, 0.5, 0.5]
		},
		"gui": {
			"rotation": [30, 135, 0],
			"translation": [0.5, 5.75, 0],
			"scale": [1.15, 1.15, 1.15]
		},
		"head": {
			"translation": [0, 14.4, 0]
		},
		"fixed": {
			"rotation": [-90, 90, 0],
			"translation": [0.5, -1, -7.75],
			"scale": [1.25, 1.25, 1.25]
		}
	},
	"groups": [
		{
			"name": "raw_iron_3d",
			"origin": [12.19238, 1, 4.01589],
			"color": 0,
			"children": [0, 1, 2]
		}
	]
}