{
	"format_version": "1.21.6",
	"credit": "cyberia was here",
	"texture_size": [32, 32],
	"textures": {
		"0": "item/resin_clump_3d",
		"particle": "item/resin_clump_3d"
	},
	"elements": [
		{
			"from": [7.29425, -0.001, 6.93681],
			"to": [11.29425, 2.999, 11.93681],
			"rotation": {"angle": 22.5, "axis": "y", "origin": [7.29425, -0.25, 11.93681]},
			"faces": {
				"north": {"uv": [4, 6, 2, 7.5], "texture": "#0"},
				"east": {"uv": [8.5, 0, 6, 1.5], "texture": "#0"},
				"south": {"uv": [4, 4.5, 2, 6], "texture": "#0"},
				"west": {"uv": [8.5, 1.5, 6, 3], "texture": "#0"},
				"up": {"uv": [2, 0, 0, 2.5], "texture": "#0"},
				"down": {"uv": [4, 2.5, 2, 0], "texture": "#0"}
			}
		},
		{
			"from": [5.29425, 0, 4.93681],
			"to": [9.29425, 4, 8.93681],
			"rotation": {"angle": 0, "axis": "y", "origin": [5.29425, 0, 8.93681]},
			"faces": {
				"north": {"uv": [6, 0, 4, 2], "texture": "#0"},
				"east": {"uv": [4, 2.5, 2, 4.5], "texture": "#0"},
				"south": {"uv": [2, 2.5, 0, 4.5], "texture": "#0"},
				"west": {"uv": [6, 2, 4, 4], "texture": "#0"},
				"up": {"uv": [6, 4, 4, 6], "texture": "#0"},
				"down": {"uv": [2, 6.5, 0, 4.5], "texture": "#0"}
			}
		}
	],
	"display": {
		"thirdperson_righthand": {
			"rotation": [122, 0, 0],
			"translation": [0, -1.5, 2],
			"scale": [0.5, 0.5, 0.5]
		},
		"thirdperson_lefthand": {
			"rotation": [122, 0, 0],
			"translation": [0, -1.5, 2],
			"scale": [0.5, 0.5, 0.5]
		},
		"firstperson_righthand": {
			"rotation": [0, 64, 0],
			"translation": [-3.25, 7.25, 4.75],
			"scale": [0.4, 0.4, 0.4]
		},
		"firstperson_lefthand": {
			"rotation": [0, 64, 0],
			"translation": [-3.25, 7.25, 4.75],
			"scale": [0.4, 0.4, 0.4]
		},
		"ground": {
			"translation": [0, 3, 0],
			"scale": [0.5, 0.5, 0.5]
		},
		"gui": {
			"rotation": [30, -45, 0],
			"translation": [0, 6.75, 0],
			"scale": [1.4, 1.4, 1.4]
		},
		"head": {
			"translation": [0, 14.4, 0]
		},
		"fixed": {
			"rotation": [0, 90, -90],
			"translation": [0, 0, -8],
			"scale": [1.5, 1.5, 1.5]
		}
	}
}