{
	"format_version": "1.21.6",
	"credit": "cyberia was here",
	"texture_size": [32, 32],
	"textures": {
		"0": "item/resin_brick_3d",
		"particle": "item/resin_brick_3d"
	},
	"elements": [
		{
			"from": [5.5, 0.5, 3.5],
			"to": [10.5, 3.5, 12.5],
			"rotation": {"angle": 0, "axis": "y", "origin": [11, 0, 3]},
			"faces": {
				"north": {"uv": [6, 7, 9, 9], "texture": "#0"},
				"east": {"uv": [0, 12, 5, 14], "texture": "#0"},
				"south": {"uv": [6, 9, 9, 11], "texture": "#0"},
				"west": {"uv": [5, 12, 10, 14], "texture": "#0"},
				"up": {"uv": [3, 12, 0, 7], "texture": "#0"},
				"down": {"uv": [6, 7, 3, 12], "texture": "#0"}
			}
		},
		{
			"from": [5, 0, 3],
			"to": [11, 4, 13],
			"rotation": {"angle": 0, "axis": "y", "origin": [11, 0, 3]},
			"faces": {
				"north": {"uv": [6, 0, 9, 2], "texture": "#0"},
				"east": {"uv": [0, 5, 5, 7], "texture": "#0"},
				"south": {"uv": [6, 2, 9, 4], "texture": "#0"},
				"west": {"uv": [5, 5, 10, 7], "texture": "#0"},
				"up": {"uv": [3, 5, 0, 0], "texture": "#0"},
				"down": {"uv": [6, 0, 3, 5], "texture": "#0"}
			}
		}
	],
	"display": {
		"thirdperson_righthand": {
			"rotation": [110, 0, -90],
			"translation": [3, -0.25, -0.25],
			"scale": [0.5, 0.5, 0.5]
		},
		"thirdperson_lefthand": {
			"rotation": [110, 0, -90],
			"translation": [3, -0.25, -0.25],
			"scale": [0.5, 0.5, 0.5]
		},
		"firstperson_righthand": {
			"rotation": [0, 50, 0],
			"translation": [-1.75, 6.25, 4],
			"scale": [0.4, 0.4, 0.4]
		},
		"firstperson_lefthand": {
			"rotation": [0, 50, 0],
			"translation": [-1.75, 6.25, 4],
			"scale": [0.4, 0.4, 0.4]
		},
		"ground": {
			"translation": [0, 3, 0],
			"scale": [0.5, 0.5, 0.5]
		},
		"gui": {
			"rotation": [30, -45, 0],
			"translation": [0, 5.25, 0],
			"scale": [1.1, 1.1, 1.1]
		},
		"head": {
			"translation": [0, 14.4, 0]
		},
		"fixed": {
			"rotation": [-90, 90, 0],
			"translation": [0, 0, -6.5],
			"scale": [1.25, 1.25, 1.25]
		}
	}
}