{
	"format_version": "1.21.6",
	"credit": "cyberia was here",
	"textures": {
		"1": "item/small_amethyst_bud_3d"
	},
	"elements": [
		{
			"from": [6.46194, 0, 6.76903],
			"to": [9.46194, 3, 9.76903],
			"light_emission": 6,
			"rotation": {"angle": 0, "axis": "y", "origin": [6.46194, 0, 9.76903]},
			"faces": {
				"north": {"uv": [0, 0, 3, 3], "texture": "#1"},
				"east": {"uv": [0, 3, 3, 6], "texture": "#1"},
				"south": {"uv": [3, 0, 6, 3], "texture": "#1"},
				"west": {"uv": [3, 3, 6, 6], "texture": "#1"},
				"up": {"uv": [3, 9, 0, 6], "texture": "#1"},
				"down": {"uv": [9, 0, 6, 3], "texture": "#1"}
			}
		},
		{
			"from": [6.96194, -0.5, 8.26903],
			"to": [8.96194, 2.5, 10.26903],
			"light_emission": 6,
			"rotation": {"angle": 22.5, "axis": "x", "origin": [8.96194, 0, 8.76903]},
			"faces": {
				"north": {"uv": [3, 6, 5, 9], "texture": "#1"},
				"east": {"uv": [6, 3, 8, 6], "texture": "#1"},
				"south": {"uv": [5, 6, 7, 9], "texture": "#1"},
				"west": {"uv": [7, 6, 9, 9], "texture": "#1"},
				"up": {"uv": [12, 12, 10, 10], "texture": "#1"},
				"down": {"uv": [13, 0, 11, 2], "texture": "#1"}
			}
		},
		{
			"from": [6.96194, -0.5, 5.76903],
			"to": [8.96194, 2.5, 7.76903],
			"light_emission": 6,
			"rotation": {"angle": -22.5, "axis": "x", "origin": [7.96194, 0, 6.76903]},
			"faces": {
				"north": {"uv": [8, 3, 10, 6], "texture": "#1"},
				"east": {"uv": [0, 9, 2, 12], "texture": "#1"},
				"south": {"uv": [9, 0, 11, 3], "texture": "#1"},
				"west": {"uv": [2, 9, 4, 12], "texture": "#1"},
				"up": {"uv": [6, 13, 4, 11], "texture": "#1"},
				"down": {"uv": [13, 5, 11, 7], "texture": "#1"}
			}
		},
		{
			"from": [7.96194, -0.5, 7.26903],
			"to": [9.96194, 1.5, 9.26903],
			"light_emission": 6,
			"rotation": {"angle": -22.5, "axis": "z", "origin": [9.46194, 0, 7.26903]},
			"faces": {
				"north": {"uv": [6, 11, 8, 13], "texture": "#1"},
				"east": {"uv": [8, 11, 10, 13], "texture": "#1"},
				"south": {"uv": [0, 12, 2, 14], "texture": "#1"},
				"west": {"uv": [2, 12, 4, 14], "texture": "#1"},
				"up": {"uv": [14, 4, 12, 2], "texture": "#1"},
				"down": {"uv": [14, 7, 12, 9], "texture": "#1"}
			}
		},
		{
			"from": [5.96194, -0.5, 7.26903],
			"to": [7.96194, 1.5, 9.26903],
			"light_emission": 6,
			"rotation": {"angle": 22.5, "axis": "z", "origin": [7.46194, 0, 7.26903]},
			"faces": {
				"north": {"uv": [4, 9, 6, 11], "texture": "#1"},
				"east": {"uv": [6, 9, 8, 11], "texture": "#1"},
				"south": {"uv": [9, 6, 11, 8], "texture": "#1"},
				"west": {"uv": [8, 9, 10, 11], "texture": "#1"},
				"up": {"uv": [12, 5, 10, 3], "texture": "#1"},
				"down": {"uv": [12, 8, 10, 10], "texture": "#1"}
			}
		}
	],
	"display": {
		"thirdperson_righthand": {
			"rotation": [45, 0, 0],
			"translation": [0, 2.75, 2.5],
			"scale": [0.5, 0.5, 0.5]
		},
		"thirdperson_lefthand": {
			"rotation": [45, 0, 0],
			"translation": [0, 2.75, 2.5],
			"scale": [0.5, 0.5, 0.5]
		},
		"firstperson_righthand": {
			"rotation": [177.88, 136, -179.47],
			"translation": [1.25, 5.25, -1.25],
			"scale": [0.70313, 0.70313, 0.70313]
		},
		"firstperson_lefthand": {
			"rotation": [177.88, -58, -179.47],
			"translation": [1.25, 5.25, -1.25],
			"scale": [0.70313, 0.70313, 0.70313]
		},
		"ground": {
			"translation": [0, 3, 0],
			"scale": [0.5, 0.5, 0.5]
		},
		"gui": {
			"rotation": [30, 45, 0],
			"translation": [0, 5.75, 0]
		},
		"head": {
			"translation": [0, 14.4, 0]
		},
		"fixed": {
			"translation": [0, 13.75, 1.5],
			"scale": [2, 2, 2]
		}
	},
	"groups": [
		{
			"name": "small_amethyst_bud",
			"origin": [7.46194, 0, 7.26903],
			"color": 0,
			"children": [0, 1, 2, 3, 4]
		}
	]
}